{"block6_link": {"translation": [-0.0029187492421935616, -0.00527522071318859, 0.17496372758817155], "rotation": [-5.9153807091934674e-05, 0.00010193973508846154, 0.007192349094173435]}, "block7_link": {"translation": [-0.007363483868063801, 0.00876484696901085, 0.11496741968157044], "rotation": [1.0384885479108874e-05, -8.744884845822416e-05, -3.1229569484038087]}, "block0_link": {"translation": [0.0004391338178508056, 0.0025215963441712454, 0.23496364181521068], "rotation": [0.00013473753678505673, -0.00013241980554225274, 3.1291730498830037]}, "block8_link": {"translation": [-0.003704069298706679, 0.0017476848129452938, 0.05498118841002819], "rotation": [1.3133272303234023e-05, -3.0218016800213524e-05, -3.049958314566908]}}