{"block5": {"translation": [0.01001551489977466, -0.028200764644575615, 0.11498559982922182], "rotation": [-9.819615540673787e-05, 2.7752242806575076e-05, 2.502320097906459]}, "block9": {"translation": [-0.008814911922781849, 0.08297120097620275, 0.054986703382121506], "rotation": [3.903714847885986e-05, 9.041454589697974e-05, -2.9253722479449893]}, "block4": {"translation": [-0.42497158591804557, 0.7035054983668793, 0.03432958072237566], "rotation": [4.1331943816391714e-05, 0.1573102061138136, -1.1704408934407895]}, "block3": {"translation": [-0.31825347309356067, -0.02899850071047789, 0.050866627564301305], "rotation": [-0.24553788805233634, 0.08303842871850615, 2.0026753279495972]}, "block2": {"translation": [0.0046004450316220556, -0.02849385526184756, 0.217788174751872], "rotation": [1.473385060044965, 0.007298843408879158, 0.2431442126731288]}}