{"block6_link": {"translation": [-0.002541548975653156, -0.020355029902812488, 0.054982685899762934], "rotation": [0.00010337051240338901, -1.4497534746816333e-05, 3.0260497963347097]}, "block3_link": {"translation": [-0.015220280172466318, -0.004707600035454827, 0.17495448113822834], "rotation": [-8.908898572979052e-05, 0.0003577492904970294, 0.7672616030846413]}, "block2_link": {"translation": [0.012959839658468988, -0.0264036113210322, 0.23497695600495963], "rotation": [0.00041755273823285144, -0.0009265985712543192, -2.4933411352701134]}, "block5_link": {"translation": [-0.021321529653716777, -0.013306043312594119, 0.11496887562952829], "rotation": [-7.392980572046293e-05, 0.0002709005178372059, 0.8291352363792897]}, "block0_link": {"translation": [0.003184153614870559, 0.02882163393911665, 0.2954241420800718], "rotation": [-3.115054091477718, -0.001971495753050799, -3.0682943211171687]}}