{"block5": {"translation": [0.010231313880338436, 0.024319617678810676, 0.11498155836634946], "rotation": [-6.324142067803962e-07, -5.5253466871529305e-05, -3.060423227135766]}, "block1": {"translation": [0.02458058190708788, -0.009811204523707175, 0.17498482230694376], "rotation": [3.1415609039225365, -0.00014299732861699444, 0.1115715045225496]}, "block0": {"translation": [-0.14036890647179215, 0.0069771405110192735, 0.07765658906681076], "rotation": [-2.589478639700037, 0.03058985846243127, -1.2571641517677428]}, "block8": {"translation": [0.01900405418580128, -0.016313250325540058, 0.05498841354527255], "rotation": [1.5216598368485157e-05, -2.525554250623057e-05, 0.0637161874553856]}}