{"block10_link": {"translation": [-0.003932801715949027, 0.011162382822833787, 0.05514319589266047], "rotation": [3.659657054453638e-05, -0.005210050645974611, 0.003940836767145907]}, "block2_link": {"translation": [-1.4774476760601614, 0.855320934889359, 0.047480246694880796], "rotation": [-2.932360994341659, 1.0659334321742002, 3.094880746961975]}, "block1_link": {"translation": [0.18926060741328218, -0.4163389191459289, 0.031166249710635148], "rotation": [5.368852376008704e-06, -0.03979146468110903, -2.6279710353471963]}, "block3_link": {"translation": [-0.0023549317739958242, 1.0051026086483033e-05, 0.11518676219733304], "rotation": [-0.0007324028258438309, -0.006590333711192723, 0.14242780056938678]}, "block0_link": {"translation": [0.00162788294521403, 0.008809461063915145, 0.17638708020918906], "rotation": [0.01779291362241269, -0.02041506268415662, -0.1090214625434325]}}