{"block1": {"translation": [0.009088206424834865, -0.009905563040019681, 0.26500229754678517], "rotation": [1.5707889278577836, -0.0008488411631652535, -2.8526023456397107]}, "block3": {"translation": [0.014743812862079911, -0.0406681426375889, 0.1749856306801028], "rotation": [-0.00021149098707046177, 7.529612879800669e-05, 0.26865317202539846]}, "block10": {"translation": [0.004308415386740012, -0.017072944825505382, 0.05497790748730997], "rotation": [2.099393034209196e-05, -7.818517380958004e-06, 0.07707992579082501]}, "block6": {"translation": [0.011964633163355795, -0.011649488644862014, 0.1149721760763557], "rotation": [5.20739022560595e-05, 0.00012354415810268213, 0.01745284663118614]}}