{"block1": {"translation": [0.005623081084387131, 0.018479232086803035, 0.145925695858546], "rotation": [1.5392317345720774, -0.0012293452363157091, 0.6514756833387718]}, "block6": {"translation": [0.008164363958455238, 0.02039372037790622, 0.055026600992995875], "rotation": [8.648351591533654e-06, 0.001106764157008737, -2.9941227080741246]}, "block7": {"translation": [-0.12811730804676652, -0.03061629968644402, 0.05499568964326345], "rotation": [1.079070598696502, 1.5707941235544798, -1.9166203802549058]}, "block0": {"translation": [0.04920755546338698, -0.3285485699933954, 0.05005170656607144], "rotation": [-1.5715342621720119, -0.0011162311793202983, 0.0566843421694353]}, "block8": {"translation": [-0.0635183312086912, -0.01874315237901399, 0.05499560938816418], "rotation": [-0.9060116084288459, 1.5707921531309434, 2.381510763359324]}}