{"block9_link":{"translation": [0.00479646745668135, -0.040360701217773444, 0.05499169797292115], "rotation": [-5.87346275371034e-06, -3.227443265792506e-05, -0.015909283641887036]}, "block0_link": {"translation": [0.3437420754449977, 0.10040269990594357, 0.029998003475027665], "rotation": [1.3654855791744858e-05, -5.629036907210795e-05, 1.3918824919467756]}, "block3_link": {"translation": [0.02999725008784967, 0.7564747331885666, 0.08026264957385562], "rotation": [-2.2857559332353388, 0.006361526254729058, 3.088922731522728]}, "block5_link": {"translation": [-0.0003499882662315405, -0.024522677176421755, 0.11499136600260226], "rotation": [-1.8590452239446165e-05, -0.00011323804755432199, -0.016602405479787405]}, "block10_link": {"translation": [-0.42529377053853373, -0.17920564278300932, 0.029995497612917896], "rotation": [-2.2621454500715288e-06, -4.625880820890184e-07, -0.7960275751522715]}}