{"block2": {"translation": [0.009074695501906515, -0.03221097286475109, 0.17526964427648623], "rotation": [-0.002800849190847332, -0.004717980682395317, 2.3688428292151835]}, "block6": {"translation": [0.01869679669645174, -0.01665131250041623, 0.11498182165801933], "rotation": [-2.033843475857111e-06, 0.0001262948571569209, -3.100445287401192]}, "block1": {"translation": [-0.4420354170845908, 1.0712810377101032, 0.03190196782347767], "rotation": [-3.141591244848083, -0.06573480000503824, 2.4562670193533407]}, "block0": {"translation": [-0.11131427357937468, 0.056555508551733615, 0.07188517333623114], "rotation": [1.2557627276404657, 1.2387352687609663, -1.2161232862186704]}, "block8": {"translation": [0.013542367680904367, -0.008794859172483831, 0.054988125760634256], "rotation": [1.2399587555611546e-05, 9.756694664292501e-05, -3.0999241164289044]}}