{"block9": {"translation": [0.04639002819044144, -0.07330359308594328, 0.05499627382240543], "rotation": [-2.013486882129767e-05, 0.00017486627337605026, 0.5306905809614071]}, "block0": {"translation": [0.34366503371158896, 0.10061714836253828, 0.02999681587501523], "rotation": [1.2718789644816653e-06, 2.0286958757489983e-05, 1.3950045390370311]}, "block3": {"translation": [-0.4107881406926933, -0.13968206552786303, 0.0449039184128197], "rotation": [-3.0342149172181667, 1.0619175889020394, 0.28646693433584525]}, "block5": {"translation": [0.02365365016262479, 0.002961871807498028, 0.17630399747833708], "rotation": [-0.0011595822570850123, -0.039560368241968326, 0.25747876610999665]}, "block10": {"translation": [0.0076067640098634575, 0.014120695281799994, 0.1150638419200831], "rotation": [0.0004856201468064203, -0.004213921577879079, -2.7159860974764047]}}