{"block10": {"translation": [0.025742988019915678, -0.06135082965669764, 0.054983153766022336], "rotation": [-4.9433678594973385e-05, -5.13023909807184e-05, 0.43223967283259723]}, "block9": {"translation": [0.0007498918904437393, -0.02389416304891742, 0.11499186518816608], "rotation": [-3.567876733612252e-05, -0.0004453286524720083, -1.6509145076951306]}, "block1": {"translation": [0.32558672253892285, 0.17258994442958284, 0.0299988854847991], "rotation": [-3.11858628077033e-05, -2.607357673331965e-05, -0.4025059347340706]}, "block6": {"translation": [0.008376866793669365, 0.027707790489371185, 0.16569764956174513], "rotation": [-0.5656293683876039, 0.4259225247242662, 0.4961197497442813]}}