{"block5_link": {"translation": [-0.003574440143129951, 0.01901353067015984, 0.11496084207719173], "rotation": [-6.651625526044036e-05, 6.089486697547721e-05, -3.1382738922850564]}, "block1_link": {"translation": [-0.0027781801642814195, -0.005638746164828231, 0.174951117101789], "rotation": [4.443921241946425e-05, 2.003680346038283e-06, -0.018339639596359963]}, "block0_link": {"translation": [0.000540112969291818, 0.0019829523203298777, 0.2349525003426228], "rotation": [-5.347578786807361e-05, 0.00015362173668825619, 3.13400623919296]}, "block8_link": {"translation": [0.005966982143381458, 0.009410770867433924, 0.05498015744313511], "rotation": [5.41428485955342e-05, -7.639357607563728e-05, 0.04021795957558001]}}