{"block10_link": {"translation": [-0.0030560181690841843, -0.006101505265853143, 0.054995505063761836], "rotation": [2.2366471248425057e-06, 1.4055776148776916e-06, 3.131849992867187]}, "block7_link": {"translation": [0.3306539206778631, -0.049000450664223226, 0.030073076978686414], "rotation": [-4.346107499109131e-06, 0.0025660138186861855, -0.2832609785996309]}, "block3_link": {"translation": [-0.36220037623294316, 0.11389917340542079, 0.029996008770276625], "rotation": [-1.9215765297286858e-06, -1.0524935625892044e-05, -0.2800943258448579]}, "block6_link": {"translation": [-0.4567048426194928, -0.08473640146169123, 0.029996842385113402], "rotation": [-1.4641161218964527e-06, -3.427622466447125e-05, 2.5156273182568354]}}