{"block2_link": {"translation": [0.005342310428748286, 0.008471566434035273, 0.23495069367158766], "rotation": [-5.883507609816263e-05, -0.00013131540992742104, 2.9590170586684]}, "block4_link": {"translation": [-0.004842176849377794, 0.03760075446109739, 0.11496597346651863], "rotation": [1.1766164700999227e-05, -9.167031534750274e-05, 2.922910618413016]}, "block3_link": {"translation": [-0.011233964093529683, -0.0053469867355248725, 0.17495811240807327], "rotation": [1.3707770188498003e-05, -0.00022343693462787467, 2.706426105184361]}, "block8_link": {"translation": [-0.008176776887258187, -0.01887985843946517, 0.05497868803105079], "rotation": [-1.2690862989883644e-05, -6.109338978114016e-05, -0.07971106335064905]}, "block0_link": {"translation": [-0.0023662481365168096, -0.003113239123947193, 0.29495078642228584], "rotation": [2.5537804626551974e-06, -0.00010384050743229324, 3.1045564561566628]}}