{"block1_link": {"translation": [0.5166197976206597, 0.022437934563377192, 0.029997088660161365], "rotation": [-2.2656667524989516e-05, 1.655621827306259e-05, -1.4311467246291194]}, "block3_link": {"translation": [0.042323627784302785, 1.1166740680246032, 0.029998337768672945], "rotation": [3.1415837480936304, -5.076915898641729e-05, 2.8813584828222236]}, "block9_link": {"translation": [-0.0023156525151656606, -0.003466445633933601, 0.054989705699627474], "rotation": [3.4946986563351955e-06, 7.891264338005128e-05, -0.00527026103715522]}, "block8_link": {"translation": [0.369137868612474, -0.13693321691286445, 0.02999610549893768], "rotation": [-4.437188107164758e-06, -9.390251957719789e-07, -3.0685106717011594]}, "block4_link": {"translation": [0.0004963606160263948, -0.030736519503905303, 0.11498916161522119], "rotation": [0.24294848846838035, 1.5706221361043131, -2.9032934774022996]}, "block0_link": {"translation": [0.013379923662264833, -0.016772657010808868, 0.19569685392967862], "rotation": [-2.7015446284368996, -0.12134251041013511, 3.0915610354784673]}}