{"block4": {"translation": [-0.011217595981003992, 0.0010368557741586275, 0.17497471638555684], "rotation": [-2.22616034359982e-05, -4.559018735684761e-05, 0.11482220533944784]}, "block7": {"translation": [0.004680458135758579, -0.006281192735179055, 0.0549857356661341], "rotation": [-2.831737966935144e-05, 3.198411006150414e-05, -2.9809991953564214]}, "block6": {"translation": [0.002711112631367321, -0.0063862146287928636, 0.11497979495642789], "rotation": [1.1652083997226725e-05, 1.579320482762413e-05, -2.9668833943957047]}, "block2": {"translation": [0.4766806353300524, 0.20621106502919961, 0.0751417750958974], "rotation": [-0.7478804478282012, 0.5375222844882732, 1.8765523099209407]}}