{"block5_link": {"translation": [-0.022401057445384877, -0.004897575147431012, 0.11498985836831108], "rotation": [-9.111470216383033e-05, 0.0006811844855622107, -2.816017707435857]}, "block2_link": {"translation": [-0.4234350763632775, -0.10190505551924364, 0.029996994651329618], "rotation": [7.387068408193365e-06, -1.59947508121641e-05, -1.1083433668368285]}, "block4_link": {"translation": [-0.002365349564315427, -0.006160685960226899, 0.17505393222411833], "rotation": [-0.00033761370829132886, 0.00260609630365359, -3.1373678995751617]}, "block6_link": {"translation": [-0.025419147360587698, 0.004929341774752308, 0.05499424301910235], "rotation": [4.086954980386803e-06, -0.00042958994124820435, 0.32412061846780715]}, "block1_link": {"translation": [-0.005511588531631412, -0.011561544879812863, 0.26659641211188684], "rotation": [-1.5236061022132485, 0.005534481364991764, -0.267569213241588]}}