{"block10": {"translation": [0.011682434078410157, -0.016145770651730982, 0.11498208389782417], "rotation": [-2.8895518007221455e-05, 0.00010937261095112511, -3.0232996429751036]}, "block7": {"translation": [0.005166952350433512, -0.013346330050676794, 0.17498181133901006], "rotation": [-5.194814565578909e-05, 0.0002905233462492751, -3.061292733169341]}, "block3": {"translation": [-0.36155330445281036, 0.1222228096318827, 0.02999597053828476], "rotation": [-1.9527512377104372e-06, 7.327364967191717e-06, -0.36475011554351155]}, "block6": {"translation": [0.0044955639946392565, 0.03889557125499824, 0.05498827216783925], "rotation": [1.0226568304141925e-05, -2.8623445248126685e-05, 0.110161451143835]}}