{"block1_link": {"translation": [-0.03151772563797422, 0.37972090190249236, 0.06988249473116864], "rotation": [2.0462514922907977, 0.10650304775892933, -3.0784490020897404]}, "block3_link": {"translation": [-0.10148348774940462, 0.6883132969395103, 0.03014062734458968], "rotation": [3.141588715618844, 0.00483829093568372, 0.6816593724920976]}, "block10_link": {"translation": [0.572817622727884, -0.08991580105895015, 0.029995455986378938], "rotation": [-3.4590291357883274e-06, -1.4165994025498619e-06, -2.7515790388326753]}, "block6_link": {"translation": [-0.0016719867704411263, -0.033376330831021206, 0.055006907750915796], "rotation": [-2.1959983479397094e-05, 0.00028663799963540837, 0.13880357420498615]}}