{"block1": {"translation": [-0.01097392953746549, -0.010034351272337698, 0.2668135599057717], "rotation": [1.476445919077701, -0.07430434770989458, 0.8882480908294615]}, "block3": {"translation": [0.00914491347059001, -0.01935885571568023, 0.17496914142490935], "rotation": [-5.727409503149261e-05, -0.00014052722717250858, -0.1426911105897663]}, "block5": {"translation": [0.0002287073996324248, -0.040185164903833386, 0.11497100143165555], "rotation": [2.4917973365066667e-05, -0.00015100646942694534, 0.030843825476953697]}, "block2": {"translation": [0.5659617265932264, -0.016746091650277052, 0.029996617111745342], "rotation": [9.971726701030192e-07, -9.817156370558105e-06, 1.2734224760781658]}, "block9": {"translation": [0.0008529085538748103, 0.03895675924304437, 0.05498117205597702], "rotation": [-2.2027731174656395e-05, 2.77121701709197e-05, -3.02844512036172]}}