{"block4_link": {"translation": [0.00047953776029988554, 0.02717188010930018, 0.18111219447543464], "rotation": [0.06706553760121332, 0.016140136221979854, 0.21166082677627351]}, "block6_link": {"translation": [0.5785860099752971, 0.03728951787906234, 0.030073515723177152], "rotation": [6.002006981581376e-05, -0.0023211387654753514, -0.4697590847884684]}, "block10_link": {"translation": [0.005331634519720375, -0.041439847457795415, 0.054986217208973814], "rotation": [-2.1144144348062e-05, -1.4185676136804482e-05, 3.1197923045658857]}, "block8_link": {"translation": [-0.0006467512925128163, 0.005874109740332744, 0.11497718521104539], "rotation": [3.33929131832722e-05, -0.00010410978368203409, 3.1396587343119675]}, "block9_link": {"translation": [-0.43023099420525973, -0.10065571941675402, 0.029995572605429066], "rotation": [3.1490215733898097e-06, 7.2633061408521704e-06, -1.0092398448146587]}}