{"block1_link": {"translation": [0.007114567271555928, 0.025168484093693155, 0.26498347343927153], "rotation": [1.5709595749064555, 0.0005652894819843641, -0.6538364656018505]}, "block6_link": {"translation": [0.009191276439145898, 0.03922899256722344, 0.17496268654585756], "rotation": [0.00011246291815414367, -0.0006191294418121611, 3.1300306047588244]}, "block7_link": {"translation": [0.008585958987837067, -0.017045431884323253, 0.11496443716695985], "rotation": [3.1410827522782014e-05, -0.00015687967319030386, -3.0901422024881438]}, "block0_link": {"translation": [-0.3962374469811699, -0.5704507657440528, 0.056627751886977315], "rotation": [0.6579185556707631, 0.08376249547601844, -0.7533004454810389]}, "block8_link": {"translation": [0.004480727567714105, -0.001849687770201729, 0.05498603149987231], "rotation": [0.00010314289946977695, -6.82418666205193e-05, -3.120661513003729]}}