{"block10": {"translation": [-0.013715894777671786, -0.11365009238134434, 0.05499566485414089], "rotation": [2.6859364775366767e-06, 4.712031398259587e-06, 0.42938023426732164]}, "block2": {"translation": [0.9877998051725034, 0.5599334320396568, 0.03372556339463901], "rotation": [-3.1415808236822547, 0.13361794372555147, -0.03560114325089625]}, "block1": {"translation": [0.32791314422166207, -0.16211206808275785, 0.029996013207251964], "rotation": [4.2102237083341265e-06, -1.225757545026515e-05, -0.6552115506713844]}, "block3": {"translation": [-0.0757336588954107, 0.1988538581427579, 0.055000066444504093], "rotation": [-1.7336547963875404e-05, -8.005127335006552e-05, 0.8145888477654714]}, "block0": {"translation": [0.39911028878045524, 1.0611253636311027, 0.06392322082844498], "rotation": [0.7996952799072132, 0.3931164399127126, 1.0913335372307846]}}