{"block4_link": {"translation": [-0.3516789367694843, -0.03604166440004712, 0.0300552152327644], "rotation": [-3.1329188834280304, 1.5688844846236072, 3.1137060644013337]}, "block7_link": {"translation": [0.017315728539421905, 0.0017634345495223232, 0.0549960953900157], "rotation": [7.451190702223442e-07, -1.2252160276491083e-05, 3.0254336021300396]}, "block6_link": {"translation": [0.5870507594032262, 0.01918193031692259, 0.030312859758267436], "rotation": [4.944263329836884e-06, 0.010595714846014502, -0.2777519440708416]}, "block2_link": {"translation": [-0.2859335303964364, 0.0761807592029556, 0.06194565891103668], "rotation": [-0.1567235379396344, 1.1032426490868907, -0.1295583772243593]}}