{"block6": {"translation": [-0.04053154871416259, -0.05720980579530028, 0.05499492855899256], "rotation": [1.7264771886571495e-05, 3.665546852094439e-06, -2.9118494185565362]}, "block3": {"translation": [-0.25316490682278187, 1.1291750606356976, 0.029996730546833994], "rotation": [-2.0256885442937467e-06, 2.0278868156360377e-05, 0.31713208840082446]}, "block2": {"translation": [0.006068004511771066, -0.008757287345809384, 0.1560064026275811], "rotation": [-1.606038814559645, -1.8968274121954928e-05, -2.8176700334025075]}, "block5": {"translation": [0.01388084598865698, -0.02542929725568137, 0.054995372736377675], "rotation": [2.5203526304029555e-05, 2.675304469418916e-06, 0.2298181283980188]}, "block0": {"translation": [-0.47469779437327336, 1.0486818630598778, 0.0618576806974601], "rotation": [-2.1076654549048692, -0.8132934623527777, -1.5362667182666312]}}