{"block6_link": {"translation": [0.5796725735021576, 0.06250737369474228, 0.030958399972406438], "rotation": [4.510744916030873e-06, 0.03262514946546312, -2.0534187907026737]}, "block4_link": {"translation": [-0.016461340439709354, 1.0243581903670913, 0.029999090261403308], "rotation": [4.694879293248855e-07, 0.00010339647477042909, -0.10366559437860899]}, "block10_link": {"translation": [0.004632672379527962, 0.03205517352523312, 0.05498208315215567], "rotation": [-2.71738141239819e-05, 1.6187698626100756e-05, -3.1358663175324795]}, "block9_link": {"translation": [-0.00046430757422953324, -0.011756992002002541, 0.11498243524786757], "rotation": [-1.5383986002215095e-05, -0.00019424863963612936, -0.005813261544203483]}, "block8_link": {"translation": [-0.5875844224948876, -0.061873166675351844, 0.029995690822312026], "rotation": [2.755181460367684e-06, 9.922393192289036e-06, -0.20017068254526257]}, "block2_link": {"translation": [-0.001149420027318131, 0.0009423887831483461, 0.2163504122051064], "rotation": [1.5224282851460702, -0.00031753961917470243, -0.1287455325308413]}}