{"block6_link": {"translation": [0.00042809701621165735, -0.005618980002865336, 0.11498168465605549], "rotation": [2.9903590190746496e-05, -7.10927127482311e-05, 0.020272536352579106]}, "block9_link": {"translation": [0.004956869647407836, 0.008739501686292856, 0.05499064966143691], "rotation": [-1.066636446456215e-05, 9.281222498817463e-05, 3.135046398144107]}, "block0_link": {"translation": [-0.5764557917728571, -0.047987150592575314, 0.02999608955861974], "rotation": [1.605669534332499e-06, 2.9470526049191584e-06, 1.7442211549923847]}, "block4_link": {"translation": [-0.0006123714111032679, -0.013482487354018042, 0.17498219051544667], "rotation": [3.0529202853513127e-05, 5.32024653307896e-05, 3.140699414772368]}}