{"block6": {"translation": [-0.005107121790087163, -0.039181512283016265, 0.11497694326571152], "rotation": [-3.096328546918492e-05, -1.1047321588741098e-05, -0.13499230666340056]}, "block9": {"translation": [-0.010527078846444006, -0.044264257509696224, 0.05498707463285509], "rotation": [-2.1498546810327923e-05, -7.891832901601373e-05, -3.1335971772612172]}, "block0": {"translation": [-0.5832893314378876, -0.07122857338356925, 0.029997470880514174], "rotation": [-2.5098729791117602e-05, 6.113029257099825e-06, 0.5173339265843433]}, "block4": {"translation": [0.015330020349868266, 0.010041229363199648, 0.17497631778537145], "rotation": [4.197620389057022e-07, -0.00017121480717611075, -2.9918821827348148]}}