{"block2_link": {"translation": [0.4052809807193214, -0.14479415819173663, 0.029996354494020272], "rotation": [2.102265764664102e-06, -1.1892184132403842e-05, -0.34813673860202643]}, "block6_link": {"translation": [-0.37010915712082065, 0.09006682054294618, 0.029995751813565293], "rotation": [1.7165116724116025e-06, 1.051845545984183e-06, -0.8714285839108464]}, "block1_link": {"translation": [-0.48210083413669397, -0.07698213524449882, 0.02999720492155393], "rotation": [9.123484641104795e-06, -5.166678892718037e-05, -1.7463536094130254]}, "block0_link": {"translation": [0.558290452123241, 0.04485840007332046, 0.029996504215795708], "rotation": [-1.5680920270655374e-05, -4.407352900870153e-06, -0.31528044555495155]}, "block8_link": {"translation": [0.005486942399752561, -0.021380158709933938, 0.05675287507701447], "rotation": [-3.1415523494981596, 1.5103598381974583, -0.04814524150621091]}}