{"block5_link": {"translation": [0.6008138610022955, -0.818706048324833, 0.037970399512048024], "rotation": [-9.859780341514579e-06, -0.32320556763174424, 2.206981127356858]}, "block9_link": {"translation": [-0.04432177536338419, 0.12252545145279613, 0.05499572670754506], "rotation": [2.4690277329320054e-06, 4.1309553753236576e-06, -2.732259990806981]}, "block4_link": {"translation": [-0.11573401493212283, -0.3630518491207944, 0.029996476259328397], "rotation": [2.0992001612062605, 1.5707886717664967, -2.150607607253626]}, "block3_link": {"translation": [-0.35201143314845285, -0.0326215136522229, 0.02999579208704286], "rotation": [4.690071912755167e-06, 1.380906615103625e-05, 0.44074986099517954]}, "block2_link": {"translation": [0.08110634564664303, -0.29483048241881277, 0.061843984675483125], "rotation": [0.355189446181431, 0.47009175118191965, -0.24679872878538156]}}