{"block10": {"translation": [0.007159863272730739, -0.01064326131860329, 0.05498960636311549], "rotation": [1.7536103374671957e-05, -3.1319624380000105e-05, 0.058769121071406874]}, "block3": {"translation": [0.003507318200629386, -0.032726684595068535, 0.1749744470140296], "rotation": [3.93120017982973e-07, -0.00019017258621391084, 0.6816069780879764]}, "block1": {"translation": [0.5628334781733021, 0.3053380771100464, 0.04521425406731511], "rotation": [-3.0176192960935513, 1.0080046763195911, 1.5256236712577123]}, "block9": {"translation": [0.007901181415049228, -0.02742171962513096, 0.11497534731821504], "rotation": [3.7368994700089087e-05, -1.8283151120707637e-05, 0.0654687240933998]}}