{"block10_link": {"translation": [0.004850428737474733, 0.0017700152453794602, 0.05498490933969997], "rotation": [-1.1800567879185694e-05, 2.6577919852468592e-05, 0.0173361920735291]}, "block3_link": {"translation": [-0.002877969639078014, 0.008397719138688843, 0.1749705221611212], "rotation": [-1.932345612922588e-05, 0.00012589651520326632, -0.00733117927033102]}, "block1_link": {"translation": [0.6541926935737022, -0.0063439415402365305, 0.0319741526972682], "rotation": [-6.35034523366329e-06, -0.06831732689584913, -1.9431995528327173]}, "block9_link": {"translation": [-0.002685131060743372, -0.003396883393134312, 0.11497183317057595], "rotation": [-1.8302633711887208e-05, 7.801763594290128e-06, 0.009077132358421787]}}