{"block3_link": {"translation": [-1.616263741979866e-06, -0.008459347071945462, 0.17496182327643395], "rotation": [5.722356071435897e-06, 7.868878081992844e-05, -3.137486484228952]}, "block1_link": {"translation": [0.00011367557274567196, -0.00035768710407424784, 0.23496806048376556], "rotation": [-8.835398057042629e-05, 0.0001353559220099576, -0.023277705411451473]}, "block2_link": {"translation": [-0.630604175506937, -0.06822250765389819, 0.029996187927479035], "rotation": [3.941346690294889e-06, -7.870022454614713e-06, -0.5710152895598768]}, "block4_link": {"translation": [-0.008344582859252204, -0.001440960396345478, 0.11496549722927987], "rotation": [1.173636413595927e-05, 8.106124905290599e-05, -0.05327939428168281]}, "block10_link": {"translation": [0.004950268157922649, 0.010564610714937394, 0.05498060719083859], "rotation": [1.5330040065865804e-06, 4.6695212846034755e-05, 0.00095453951678592]}}