{"block6": {"translation": [-0.07727856402908943, 0.06431641040772479, 0.05499405047854231], "rotation": [-1.941324260945045, 1.5707889380586093, 0.35977730913837025]}, "block1": {"translation": [-0.03980447877280878, -0.32802065535841307, 0.060032265348256925], "rotation": [-1.5708075502320336, 0.0012029897086213344, -0.10795232138363287]}, "block9": {"translation": [0.054015727257405804, -0.108067117614052, 0.05499377985017829], "rotation": [-1.0620878189704364e-05, 5.8125602436737376e-06, 0.5457041903046498]}, "block5": {"translation": [0.011443376738129183, -0.010055334253531974, 0.11499225339475652], "rotation": [2.9458690839062607e-06, 1.697131022994347e-05, 0.06547042469103041]}, "block3": {"translation": [0.328510434580031, 0.054881635817135406, 0.029996209516632965], "rotation": [-1.981321242405798e-06, 9.27034715343236e-06, -3.081090972856903]}}