{"block2": {"translation": [0.013247410261880196, -0.013316100670833286, 0.17493739296988675], "rotation": [-8.371562518982856e-06, 6.983207756950628e-05, -2.8788701275717754]}, "block7": {"translation": [0.0019438240672261296, -0.019584654025970663, 0.1149517319956809], "rotation": [-6.557056539802097e-05, 3.9083909119085214e-05, -2.9978994613059706]}, "block1": {"translation": [0.0041596142188142235, -0.014214363163808821, 0.2349343566770936], "rotation": [3.1082651725578e-05, -1.4691815797459058e-05, -2.978322069001363]}, "block8": {"translation": [0.00745984971181065, -0.026645823346482054, 0.05497988624774209], "rotation": [3.480596715105255e-05, -1.9278998840658283e-05, 0.2934854067218002]}, "block0": {"translation": [0.00855217362611399, 0.010460258526580233, 0.31494112739863955], "rotation": [1.5708115222142958, -0.000455057212233111, -3.0851951449041435]}}