{"block9_link": {"translation": [0.010368994359865467, 0.015507992217121395, 0.054987140457111616], "rotation": [2.183714422177019e-05, 7.931243255522662e-05, 3.095046220851605]}, "block7_link": {"translation": [0.004775043304340338, 0.001050133788573449, 0.11497794297953376], "rotation": [1.2006410043063909e-05, 0.00017051768485017353, 3.086239988365889]}, "block6_link": {"translation": [-0.002859251658609502, 0.0015121363355685912, 0.17497293932515093], "rotation": [-4.722223563717945e-05, -0.00027619915097680205, -0.007932035941170743]}, "block1_link": {"translation": [-0.33320811578736464, 0.1603860195349271, 0.030000037847678365], "rotation": [3.660612723832557e-05, -4.899587327006735e-05, -2.83255429925017]}, "block0_link": {"translation": [-0.003464853015083894, -0.015125696135787363, 0.24677762534492834], "rotation": [-2.8825295559122237, 0.00032478119972791336, 3.1172069064168486]}, "block2_link": {"translation": [-0.35172127049480645, -0.09653747984599233, 0.04364010713667752], "rotation": [0.1024099357437544, -0.2690483790231255, -0.5918925282673946]}}