{"block3_link": {"translation": [-0.0008968236918577599, -0.02654856481351592, 0.17497088463126498], "rotation": [0.0001713309273766797, 0.00016120232400129557, 0.09123376062041363]}, "block10_link": {"translation": [0.004234776495031747, -0.004143996536026007, 0.05498275992687548], "rotation": [-3.148977692631993e-05, -5.63863959563841e-05, 0.0028227920648441936]}, "block7_link": {"translation": [-0.4407928624198787, -0.21596479962117748, 0.02999572283484062], "rotation": [2.5985555405227956e-06, 4.175113401307469e-06, 2.063930123411433]}, "block2_link": {"translation": [-0.0004915035678694678, -0.002570178420831444, 0.23593393385330758], "rotation": [0.013903130419043244, 0.0002568665877236738, 0.0286313210777146]}, "block8_link": {"translation": [-0.0025782596744024205, -0.0006983249490130228, 0.11496565223114254], "rotation": [4.642715216866594e-05, 8.875753423480702e-05, 0.00018792877202822045]}}